licenseId,name,isOsiApproved,isDeprecatedLicenseId,risk_level,is_safe
3D-Slicer-1.0,3D Slicer License v1.0,False,False,DANGEROUS,0
ADSL,Amazon Digital Services License,False,False,DANGEROUS,0
AGPL-1.0,Affero General Public License v1.0,False,True,DANGEROUS,0
AGPL-3.0,GNU Affero General Public License v3.0,True,True,DANGEROUS,0
AMD-newlib,AMD newlib License,False,False,DANGEROUS,0
AMDPLPA,AMD's plpa_map.c License,False,False,DANGEROUS,0
AML-glslang,AML glslang variant License,False,False,DANGEROUS,0
ANTLR-PD,ANTLR Software Rights Notice,False,False,DANGEROUS,0
ANTLR-PD-fallback,ANTLR Software Rights Notice with license fallback,False,False,DANGEROUS,0
APAFML,Adobe Postscript AFM License,False,False,DANGEROUS,0
ASWF-Digital-Assets-1.0,ASWF Digital Assets License version 1.0,False,False,DANGEROUS,0
ASWF-Digital-Assets-1.1,ASWF Digital Assets License 1.1,False,False,DANGEROUS,0
Abstyles,Abstyles License,False,False,DANGEROUS,0
AdaCore-doc,AdaCore Doc License,False,False,DANGEROUS,0
Adobe-2006,Adobe Systems Incorporated Source Code License Agreement,False,False,DANGEROUS,0
Adobe-Display-PostScript,Adobe Display PostScript License,False,False,DANGEROUS,0
Adobe-Glyph,Adobe Glyph List License,False,False,DANGEROUS,0
Adobe-Utopia,Adobe Utopia Font License,False,False,DANGEROUS,0
Advanced-Cryptics-Dictionary,Advanced Cryptics Dictionary License,False,False,DANGEROUS,0
Afmparse,Afmparse License,False,False,DANGEROUS,0
Aladdin,Aladdin Free Public License,False,False,DANGEROUS,0
App-s2p,App::s2p License,False,False,DANGEROUS,0
Arphic-1999,Arphic Public License,False,False,DANGEROUS,0
Artistic-dist,Artistic License 1.0 (dist),False,False,DANGEROUS,0
Aspell-RU,Aspell Russian License,False,False,DANGEROUS,0
BSD-2-Clause-FreeBSD,BSD 2-Clause FreeBSD License,False,True,DANGEROUS,0
BSD-2-Clause-NetBSD,BSD 2-Clause NetBSD License,False,True,DANGEROUS,0
BUSL-1.1,Business Source License 1.1,False,False,DANGEROUS,0
Baekmuk,Baekmuk License,False,False,DANGEROUS,0
Bahyph,Bahyph License,False,False,DANGEROUS,0
Barr,Barr License,False,False,DANGEROUS,0
Beerware,Beerware License,False,False,DANGEROUS,0
BitTorrent-1.0,BitTorrent Open Source License v1.0,False,False,DANGEROUS,0
BitTorrent-1.1,BitTorrent Open Source License v1.1,False,False,DANGEROUS,0
Bitstream-Charter,Bitstream Charter Font License,False,False,DANGEROUS,0
Bitstream-Vera,Bitstream Vera Font License,False,False,DANGEROUS,0
Boehm-GC,Boehm-Demers-Weiser GC License,False,False,DANGEROUS,0
Boehm-GC-without-fee,Boehm-Demers-Weiser GC License (without fee),False,False,DANGEROUS,0
Borceux,Borceux license,False,False,DANGEROUS,0
Brian-Gladman-2-Clause,Brian Gladman 2-Clause License,False,False,DANGEROUS,0
Brian-Gladman-3-Clause,Brian Gladman 3-Clause License,False,False,DANGEROUS,0
Buddy,Buddy License,False,False,DANGEROUS,0
C-UDA-1.0,Computational Use of Data Agreement v1.0,False,False,DANGEROUS,0
CC-BY-1.0,Creative Commons Attribution 1.0 Generic,False,False,DANGEROUS,0
CC-BY-2.0,Creative Commons Attribution 2.0 Generic,False,False,DANGEROUS,0
CC-BY-2.5,Creative Commons Attribution 2.5 Generic,False,False,DANGEROUS,0
CC-BY-2.5-AU,Creative Commons Attribution 2.5 Australia,False,False,DANGEROUS,0
CC-BY-3.0,Creative Commons Attribution 3.0 Unported,False,False,DANGEROUS,0
CC-BY-3.0-AT,Creative Commons Attribution 3.0 Austria,False,False,DANGEROUS,0
CC-BY-3.0-AU,Creative Commons Attribution 3.0 Australia,False,False,DANGEROUS,0
CC-BY-3.0-DE,Creative Commons Attribution 3.0 Germany,False,False,DANGEROUS,0
CC-BY-3.0-IGO,Creative Commons Attribution 3.0 IGO,False,False,DANGEROUS,0
CC-BY-3.0-NL,Creative Commons Attribution 3.0 Netherlands,False,False,DANGEROUS,0
CC-BY-3.0-US,Creative Commons Attribution 3.0 United States,False,False,DANGEROUS,0
CC-BY-4.0,Creative Commons Attribution 4.0 International,False,False,DANGEROUS,0
CC-BY-NC-1.0,Creative Commons Attribution Non Commercial 1.0 Generic,False,False,DANGEROUS,0
CC-BY-NC-2.0,Creative Commons Attribution Non Commercial 2.0 Generic,False,False,DANGEROUS,0
CC-BY-NC-2.5,Creative Commons Attribution Non Commercial 2.5 Generic,False,False,DANGEROUS,0
CC-BY-NC-3.0,Creative Commons Attribution Non Commercial 3.0 Unported,False,False,DANGEROUS,0
CC-BY-NC-3.0-DE,Creative Commons Attribution Non Commercial 3.0 Germany,False,False,DANGEROUS,0
CC-BY-NC-4.0,Creative Commons Attribution Non Commercial 4.0 International,False,False,DANGEROUS,0
CC-BY-NC-ND-1.0,Creative Commons Attribution Non Commercial No Derivatives 1.0 Generic,False,False,DANGEROUS,0
CC-BY-NC-ND-2.0,Creative Commons Attribution Non Commercial No Derivatives 2.0 Generic,False,False,DANGEROUS,0
CC-BY-NC-ND-2.5,Creative Commons Attribution Non Commercial No Derivatives 2.5 Generic,False,False,DANGEROUS,0
CC-BY-NC-ND-3.0,Creative Commons Attribution Non Commercial No Derivatives 3.0 Unported,False,False,DANGEROUS,0
CC-BY-NC-ND-3.0-DE,Creative Commons Attribution Non Commercial No Derivatives 3.0 Germany,False,False,DANGEROUS,0
CC-BY-NC-ND-3.0-IGO,Creative Commons Attribution Non Commercial No Derivatives 3.0 IGO,False,False,DANGEROUS,0
CC-BY-NC-ND-4.0,Creative Commons Attribution Non Commercial No Derivatives 4.0 International,False,False,DANGEROUS,0
CC-BY-NC-SA-1.0,Creative Commons Attribution Non Commercial Share Alike 1.0 Generic,False,False,DANGEROUS,0
CC-BY-NC-SA-2.0,Creative Commons Attribution Non Commercial Share Alike 2.0 Generic,False,False,DANGEROUS,0
CC-BY-NC-SA-2.0-DE,Creative Commons Attribution Non Commercial Share Alike 2.0 Germany,False,False,DANGEROUS,0
CC-BY-NC-SA-2.0-FR,Creative Commons Attribution-NonCommercial-ShareAlike 2.0 France,False,False,DANGEROUS,0
CC-BY-NC-SA-2.0-UK,Creative Commons Attribution Non Commercial Share Alike 2.0 England and Wales,False,False,DANGEROUS,0
CC-BY-NC-SA-2.5,Creative Commons Attribution Non Commercial Share Alike 2.5 Generic,False,False,DANGEROUS,0
CC-BY-NC-SA-3.0,Creative Commons Attribution Non Commercial Share Alike 3.0 Unported,False,False,DANGEROUS,0
CC-BY-NC-SA-3.0-DE,Creative Commons Attribution Non Commercial Share Alike 3.0 Germany,False,False,DANGEROUS,0
CC-BY-NC-SA-3.0-IGO,Creative Commons Attribution Non Commercial Share Alike 3.0 IGO,False,False,DANGEROUS,0
CC-BY-NC-SA-4.0,Creative Commons Attribution Non Commercial Share Alike 4.0 International,False,False,DANGEROUS,0
CC-BY-ND-1.0,Creative Commons Attribution No Derivatives 1.0 Generic,False,False,DANGEROUS,0
CC-BY-ND-2.0,Creative Commons Attribution No Derivatives 2.0 Generic,False,False,DANGEROUS,0
CC-BY-ND-2.5,Creative Commons Attribution No Derivatives 2.5 Generic,False,False,DANGEROUS,0
CC-BY-ND-3.0,Creative Commons Attribution No Derivatives 3.0 Unported,False,False,DANGEROUS,0
CC-BY-ND-3.0-DE,Creative Commons Attribution No Derivatives 3.0 Germany,False,False,DANGEROUS,0
CC-BY-ND-4.0,Creative Commons Attribution No Derivatives 4.0 International,False,False,DANGEROUS,0
CC-BY-SA-1.0,Creative Commons Attribution Share Alike 1.0 Generic,False,False,DANGEROUS,0
CC-BY-SA-2.0,Creative Commons Attribution Share Alike 2.0 Generic,False,False,DANGEROUS,0
CC-BY-SA-2.0-UK,Creative Commons Attribution Share Alike 2.0 England and Wales,False,False,DANGEROUS,0
CC-BY-SA-2.1-JP,Creative Commons Attribution Share Alike 2.1 Japan,False,False,DANGEROUS,0
CC-BY-SA-2.5,Creative Commons Attribution Share Alike 2.5 Generic,False,False,DANGEROUS,0
CC-BY-SA-3.0,Creative Commons Attribution Share Alike 3.0 Unported,False,False,DANGEROUS,0
CC-BY-SA-3.0-AT,Creative Commons Attribution Share Alike 3.0 Austria,False,False,DANGEROUS,0
CC-BY-SA-3.0-DE,Creative Commons Attribution Share Alike 3.0 Germany,False,False,DANGEROUS,0
CC-BY-SA-3.0-IGO,Creative Commons Attribution-ShareAlike 3.0 IGO,False,False,DANGEROUS,0
CC-BY-SA-4.0,Creative Commons Attribution Share Alike 4.0 International,False,False,DANGEROUS,0
CC-PDDC,Creative Commons Public Domain Dedication and Certification,False,False,DANGEROUS,0
CC-PDM-1.0,Creative    Commons Public Domain Mark 1.0 Universal,False,False,DANGEROUS,0
CC-SA-1.0,Creative Commons Share Alike 1.0 Generic,False,False,DANGEROUS,0
CC0-1.0,Creative Commons Zero v1.0 Universal,False,False,DANGEROUS,0
CDL-1.0,Common Documentation License 1.0,False,False,DANGEROUS,0
CDLA-Sharing-1.0,Community Data License Agreement Sharing 1.0,False,False,DANGEROUS,0
CECILL-1.0,CeCILL Free Software License Agreement v1.0,False,False,DANGEROUS,0
CECILL-1.1,CeCILL Free Software License Agreement v1.1,False,False,DANGEROUS,0
CECILL-2.0,CeCILL Free Software License Agreement v2.0,False,False,DANGEROUS,0
CECILL-B,CeCILL-B Free Software License Agreement,False,False,DANGEROUS,0
CECILL-C,CeCILL-C Free Software License Agreement,False,False,DANGEROUS,0
CERN-OHL-1.1,CERN Open Hardware Licence v1.1,False,False,DANGEROUS,0
CERN-OHL-1.2,CERN Open Hardware Licence v1.2,False,False,DANGEROUS,0
CFITSIO,CFITSIO License,False,False,DANGEROUS,0
CMU-Mach,CMU Mach License,False,False,DANGEROUS,0
CMU-Mach-nodoc,CMU    Mach - no notices-in-documentation variant,False,False,DANGEROUS,0
CNRI-Jython,CNRI Jython License,False,False,DANGEROUS,0
COIL-1.0,Copyfree Open Innovation License,False,False,DANGEROUS,0
CPOL-1.02,Code Project Open License 1.02,False,False,DANGEROUS,0
Caldera,Caldera License,False,False,DANGEROUS,0
Caldera-no-preamble,Caldera License (without preamble),False,False,DANGEROUS,0
Catharon,Catharon License,False,False,DANGEROUS,0
ClArtistic,Clarified Artistic License,False,False,DANGEROUS,0
Clips,Clips License,False,False,DANGEROUS,0
Community-Spec-1.0,Community Specification License 1.0,False,False,DANGEROUS,0
Condor-1.1,Condor Public License v1.1,False,False,DANGEROUS,0
Cornell-Lossless-JPEG,Cornell Lossless JPEG License,False,False,DANGEROUS,0
Cronyx,Cronyx License,False,False,DANGEROUS,0
Crossword,Crossword License,False,False,DANGEROUS,0
CryptoSwift,CryptoSwift License,False,False,DANGEROUS,0
CrystalStacker,CrystalStacker License,False,False,DANGEROUS,0
Cube,Cube License,False,False,DANGEROUS,0
D-FSL-1.0,Deutsche Freie Software Lizenz,False,False,DANGEROUS,0
DEC-3-Clause,DEC 3-Clause License,False,False,DANGEROUS,0
DL-DE-BY-2.0,Data licence Germany – attribution – version 2.0,False,False,DANGEROUS,0
DL-DE-ZERO-2.0,Data licence Germany – zero – version 2.0,False,False,DANGEROUS,0
DOC,DOC License,False,False,DANGEROUS,0
DRL-1.0,Detection Rule License 1.0,False,False,DANGEROUS,0
DRL-1.1,Detection Rule License 1.1,False,False,DANGEROUS,0
DSDP,DSDP License,False,False,DANGEROUS,0
DocBook-DTD,DocBook DTD License,False,False,DANGEROUS,0
DocBook-Schema,DocBook Schema License,False,False,DANGEROUS,0
DocBook-Stylesheet,DocBook Stylesheet License,False,False,DANGEROUS,0
DocBook-XML,DocBook XML License,False,False,DANGEROUS,0
Dotseqn,Dotseqn License,False,False,DANGEROUS,0
EPICS,EPICS Open License,False,False,DANGEROUS,0
ESA-PL-strong-copyleft-2.4,European Space Agency Public License (ESA-PL) - V2.4 - Strong Copyleft (Type 1),False,False,DANGEROUS,0
ESA-PL-weak-copyleft-2.4,European Space Agency Public License – v2.4 – Weak Copyleft (Type 2),False,False,DANGEROUS,0
EUPL-1.0,European Union Public License 1.0,False,False,DANGEROUS,0
Elastic-2.0,Elastic License 2.0,False,False,DANGEROUS,0
ErlPL-1.1,Erlang Public License v1.1,False,False,DANGEROUS,0
Eurosym,Eurosym License,False,False,DANGEROUS,0
FBM,Fuzzy Bitmap License,False,False,DANGEROUS,0
FDK-AAC,Fraunhofer FDK AAC Codec Library,False,False,DANGEROUS,0
FSL-1.1-ALv2,"Functional Source License, Version 1.1, ALv2 Future License",False,False,DANGEROUS,0
FTL,Freetype Project License,False,False,DANGEROUS,0
Ferguson-Twofish,Ferguson Twofish License,False,False,DANGEROUS,0
FreeImage,FreeImage Public License v1.0,False,False,DANGEROUS,0
Furuseth,Furuseth License,False,False,DANGEROUS,0
GCR-docs,Gnome GCR Documentation License,False,False,DANGEROUS,0
GD,GD License,False,False,DANGEROUS,0
GFDL-1.1,GNU Free Documentation License v1.1,False,True,DANGEROUS,0
GFDL-1.1-invariants-only,GNU Free Documentation License v1.1 only - invariants,False,False,DANGEROUS,0
GFDL-1.1-invariants-or-later,GNU Free Documentation License v1.1 or later - invariants,False,False,DANGEROUS,0
GFDL-1.1-no-invariants-only,GNU Free Documentation License v1.1 only - no invariants,False,False,DANGEROUS,0
GFDL-1.1-no-invariants-or-later,GNU Free Documentation License v1.1 or later - no invariants,False,False,DANGEROUS,0
GFDL-1.1-only,GNU Free Documentation License v1.1 only,False,False,DANGEROUS,0
GFDL-1.1-or-later,GNU Free Documentation License v1.1 or later,False,False,DANGEROUS,0
GFDL-1.2,GNU Free Documentation License v1.2,False,True,DANGEROUS,0
GFDL-1.2-invariants-only,GNU Free Documentation License v1.2 only - invariants,False,False,DANGEROUS,0
GFDL-1.2-invariants-or-later,GNU Free Documentation License v1.2 or later - invariants,False,False,DANGEROUS,0
GFDL-1.2-no-invariants-only,GNU Free Documentation License v1.2 only - no invariants,False,False,DANGEROUS,0
GFDL-1.2-no-invariants-or-later,GNU Free Documentation License v1.2 or later - no invariants,False,False,DANGEROUS,0
GFDL-1.2-only,GNU Free Documentation License v1.2 only,False,False,DANGEROUS,0
GFDL-1.2-or-later,GNU Free Documentation License v1.2 or later,False,False,DANGEROUS,0
GFDL-1.3,GNU Free Documentation License v1.3,False,True,DANGEROUS,0
GFDL-1.3-invariants-only,GNU Free Documentation License v1.3 only - invariants,False,False,DANGEROUS,0
GFDL-1.3-invariants-or-later,GNU Free Documentation License v1.3 or later - invariants,False,False,DANGEROUS,0
GFDL-1.3-no-invariants-only,GNU Free Documentation License v1.3 only - no invariants,False,False,DANGEROUS,0
GFDL-1.3-no-invariants-or-later,GNU Free Documentation License v1.3 or later - no invariants,False,False,DANGEROUS,0
GFDL-1.3-only,GNU Free Documentation License v1.3 only,False,False,DANGEROUS,0
GFDL-1.3-or-later,GNU Free Documentation License v1.3 or later,False,False,DANGEROUS,0
GL2PS,GL2PS License,False,False,DANGEROUS,0
GLWTPL,Good Luck With That Public License,False,False,DANGEROUS,0
GPL-1.0,GNU General Public License v1.0 only,False,True,DANGEROUS,0
GPL-1.0+,GNU General Public License v1.0 or later,False,True,DANGEROUS,0
GPL-2.0,GNU General Public License v2.0 only,True,True,DANGEROUS,0
GPL-2.0+,GNU General Public License v2.0 or later,True,True,DANGEROUS,0
GPL-2.0-with-GCC-exception,GNU General Public License v2.0 w/GCC Runtime Library exception,False,True,DANGEROUS,0
GPL-2.0-with-autoconf-exception,GNU General Public License v2.0 w/Autoconf exception,False,True,DANGEROUS,0
GPL-2.0-with-bison-exception,GNU General Public License v2.0 w/Bison exception,False,True,DANGEROUS,0
GPL-2.0-with-classpath-exception,GNU General Public License v2.0 w/Classpath exception,False,True,DANGEROUS,0
GPL-2.0-with-font-exception,GNU General Public License v2.0 w/Font exception,False,True,DANGEROUS,0
GPL-3.0,GNU General Public License v3.0 only,True,True,DANGEROUS,0
GPL-3.0+,GNU General Public License v3.0 or later,True,True,DANGEROUS,0
GPL-3.0-with-GCC-exception,GNU General Public License v3.0 w/GCC Runtime Library exception,True,True,DANGEROUS,0
GPL-3.0-with-autoconf-exception,GNU General Public License v3.0 w/Autoconf exception,False,True,DANGEROUS,0
Game-Programming-Gems,Game Programming Gems License,False,False,DANGEROUS,0
Giftware,Giftware License,False,False,DANGEROUS,0
Glide,3dfx Glide License,False,False,DANGEROUS,0
Glulxe,Glulxe License,False,False,DANGEROUS,0
Graphics-Gems,Graphics Gems License,False,False,DANGEROUS,0
Gutmann,Gutmann License,False,False,DANGEROUS,0
HDF5,HDF5 License,False,False,DANGEROUS,0
HIDAPI,HIDAPI License,False,False,DANGEROUS,0
HP-1986,Hewlett-Packard 1986 License,False,False,DANGEROUS,0
HP-1989,Hewlett-Packard 1989 License,False,False,DANGEROUS,0
HPND-export-US,HPND with US Government export control warning,False,False,DANGEROUS,0
HPND-export-US-acknowledgement,HPND with US Government export control warning and acknowledgment,False,False,DANGEROUS,0
HPND-export-US-modify,HPND with US Government export control warning and modification rqmt,False,False,DANGEROUS,0
HTMLTIDY,HTML Tidy License,False,False,DANGEROUS,0
HaskellReport,Haskell Language Report License,False,False,DANGEROUS,0
Hippocratic-2.1,Hippocratic License 2.1,False,False,DANGEROUS,0
IBM-pibs,IBM PowerPC Initialization and Boot Software,False,False,DANGEROUS,0
IEC-Code-Components-EULA,IEC    Code Components End-user licence agreement,False,False,DANGEROUS,0
IJG,Independent JPEG Group License,False,False,DANGEROUS,0
IJG-short,Independent JPEG Group License - short,False,False,DANGEROUS,0
ImageMagick,ImageMagick License,False,False,DANGEROUS,0
Imlib2,Imlib2 License,False,False,DANGEROUS,0
Info-ZIP,Info-ZIP License,False,False,DANGEROUS,0
Inner-Net-2.0,Inner Net License v2.0,False,False,DANGEROUS,0
InnoSetup,Inno Setup License,False,False,DANGEROUS,0
Intel-ACPI,Intel ACPI Software License Agreement,False,False,DANGEROUS,0
Interbase-1.0,Interbase Public License v1.0,False,False,DANGEROUS,0
JPL-image,JPL Image Use Policy,False,False,DANGEROUS,0
JPNIC,Japan Network Information Center License,False,False,DANGEROUS,0
JSON,JSON License,False,False,DANGEROUS,0
JasPer-2.0,JasPer License,False,False,DANGEROUS,0
Kastrup,Kastrup License,False,False,DANGEROUS,0
Kazlib,Kazlib License,False,False,DANGEROUS,0
Knuth-CTAN,Knuth CTAN License,False,False,DANGEROUS,0
LAL-1.2,Licence Art Libre 1.2,False,False,DANGEROUS,0
LAL-1.3,Licence Art Libre 1.3,False,False,DANGEROUS,0
LGPL-2.0,GNU Library General Public License v2 only,True,True,DANGEROUS,0
LGPL-2.0+,GNU Library General Public License v2 or later,True,True,DANGEROUS,0
LGPL-2.1,GNU Lesser General Public License v2.1 only,True,True,DANGEROUS,0
LGPL-2.1+,GNU Lesser General Public License v2.1 or later,True,True,DANGEROUS,0
LGPL-3.0,GNU Lesser General Public License v3.0 only,True,True,DANGEROUS,0
LGPL-3.0+,GNU Lesser General Public License v3.0 or later,True,True,DANGEROUS,0
LOOP,Common Lisp LOOP License,False,False,DANGEROUS,0
LPD-document,LPD Documentation License,False,False,DANGEROUS,0
LPPL-1.0,LaTeX Project Public License v1.0,False,False,DANGEROUS,0
LPPL-1.1,LaTeX Project Public License v1.1,False,False,DANGEROUS,0
LPPL-1.2,LaTeX Project Public License v1.2,False,False,DANGEROUS,0
LPPL-1.3a,LaTeX Project Public License v1.3a,False,False,DANGEROUS,0
LZMA-SDK-9.11-to-9.20,LZMA SDK License (versions 9.11 to 9.20),False,False,DANGEROUS,0
LZMA-SDK-9.22,LZMA SDK License (versions 9.22 and beyond),False,False,DANGEROUS,0
Latex2e,Latex2e License,False,False,DANGEROUS,0
Latex2e-translated-notice,Latex2e with translated notice permission,False,False,DANGEROUS,0
Leptonica,Leptonica License,False,False,DANGEROUS,0
Libpng,libpng License,False,False,DANGEROUS,0
Linux-OpenIB,Linux Kernel Variant of OpenIB.org license,False,False,DANGEROUS,0
Linux-man-pages-1-para,Linux man-pages - 1 paragraph,False,False,DANGEROUS,0
Linux-man-pages-copyleft,Linux man-pages Copyleft,False,False,DANGEROUS,0
Linux-man-pages-copyleft-2-para,Linux man-pages Copyleft - 2 paragraphs,False,False,DANGEROUS,0
Linux-man-pages-copyleft-var,Linux man-pages Copyleft Variant,False,False,DANGEROUS,0
Lucida-Bitmap-Fonts,Lucida Bitmap Fonts License,False,False,DANGEROUS,0
MIPS,MIPS License,False,False,DANGEROUS,0
MIT-CMU,CMU License,False,False,DANGEROUS,0
MIT-advertising,Enlightenment License (e16),False,False,DANGEROUS,0
MIT-enna,enna License,False,False,DANGEROUS,0
MIT-feh,feh License,False,False,DANGEROUS,0
MMIXware,MMIXware License,False,False,DANGEROUS,0
MPEG-SSG,MPEG Software Simulation,False,False,DANGEROUS,0
MTLL,Matrix Template Library License,False,False,DANGEROUS,0
Mackerras-3-Clause,Mackerras 3-Clause License,False,False,DANGEROUS,0
Mackerras-3-Clause-acknowledgment,Mackerras 3-Clause - acknowledgment variant,False,False,DANGEROUS,0
MakeIndex,MakeIndex License,False,False,DANGEROUS,0
Martin-Birgmeier,Martin Birgmeier License,False,False,DANGEROUS,0
McPhee-slideshow,McPhee Slideshow License,False,False,DANGEROUS,0
Minpack,Minpack License,False,False,DANGEROUS,0
Mup,Mup License,False,False,DANGEROUS,0
NAIST-2003,Nara Institute of Science and Technology License (2003),False,False,DANGEROUS,0
NBPL-1.0,Net Boolean Public License v1,False,False,DANGEROUS,0
NCBI-PD,NCBI Public Domain Notice,False,False,DANGEROUS,0
NCGL-UK-2.0,Non-Commercial Government Licence,False,False,DANGEROUS,0
NCL,NCL Source Code License,False,False,DANGEROUS,0
NICTA-1.0,"NICTA Public Software License, Version 1.0",False,False,DANGEROUS,0
NIST-PD,NIST Public Domain Notice,False,False,DANGEROUS,0
NIST-PD-TNT,NIST    Public Domain Notice TNT variant,False,False,DANGEROUS,0
NIST-PD-fallback,NIST Public Domain Notice with license fallback,False,False,DANGEROUS,0
NIST-Software,NIST Software License,False,False,DANGEROUS,0
NLOD-1.0,Norwegian Licence for Open Government Data (NLOD) 1.0,False,False,DANGEROUS,0
NLOD-2.0,Norwegian Licence for Open Government Data (NLOD) 2.0,False,False,DANGEROUS,0
NOSL,Netizen Open Source License,False,False,DANGEROUS,0
NPL-1.0,Netscape Public License v1.0,False,False,DANGEROUS,0
NPL-1.1,Netscape Public License v1.1,False,False,DANGEROUS,0
NRL,NRL License,False,False,DANGEROUS,0
NTIA-PD,NTIA Public Domain Notice,False,False,DANGEROUS,0
NTP-0,NTP No Attribution,False,False,DANGEROUS,0
Net-SNMP,Net-SNMP License,False,True,DANGEROUS,0
NetCDF,NetCDF license,False,False,DANGEROUS,0
Newsletr,Newsletr License,False,False,DANGEROUS,0
Noweb,Noweb License,False,False,DANGEROUS,0
Nunit,Nunit License,False,True,DANGEROUS,0
O-UDA-1.0,Open Use of Data Agreement v1.0,False,False,DANGEROUS,0
OAR,OAR License,False,False,DANGEROUS,0
OCCT-PL,Open CASCADE Technology Public License,False,False,DANGEROUS,0
ODC-By-1.0,Open Data Commons Attribution License v1.0,False,False,DANGEROUS,0
ODbL-1.0,Open Data Commons Open Database License v1.0,False,False,DANGEROUS,0
OFFIS,OFFIS License,False,False,DANGEROUS,0
OFL-1.0,SIL Open Font License 1.0,False,False,DANGEROUS,0
OFL-1.0-RFN,SIL Open Font License 1.0 with Reserved Font Name,False,False,DANGEROUS,0
OFL-1.0-no-RFN,SIL Open Font License 1.0 with no Reserved Font Name,False,False,DANGEROUS,0
OGC-1.0,"OGC Software License, Version 1.0",False,False,DANGEROUS,0
OGDL-Taiwan-1.0,"Taiwan Open Government Data License, version 1.0",False,False,DANGEROUS,0
OGL-Canada-2.0,Open Government Licence - Canada,False,False,DANGEROUS,0
OGL-UK-1.0,Open Government Licence v1.0,False,False,DANGEROUS,0
OGL-UK-2.0,Open Government Licence v2.0,False,False,DANGEROUS,0
OGL-UK-3.0,Open Government Licence v3.0,False,False,DANGEROUS,0
OLDAP-1.1,Open LDAP Public License v1.1,False,False,DANGEROUS,0
OLDAP-1.2,Open LDAP Public License v1.2,False,False,DANGEROUS,0
OLDAP-1.3,Open LDAP Public License v1.3,False,False,DANGEROUS,0
OLDAP-1.4,Open LDAP Public License v1.4,False,False,DANGEROUS,0
OLDAP-2.0,Open LDAP Public License v2.0 (or possibly 2.0A and 2.0B),False,False,DANGEROUS,0
OLDAP-2.0.1,Open LDAP Public License v2.0.1,False,False,DANGEROUS,0
OLDAP-2.1,Open LDAP Public License v2.1,False,False,DANGEROUS,0
OLDAP-2.2,Open LDAP Public License v2.2,False,False,DANGEROUS,0
OLDAP-2.2.1,Open LDAP Public License v2.2.1,False,False,DANGEROUS,0
OLDAP-2.2.2,Open LDAP Public License 2.2.2,False,False,DANGEROUS,0
OLDAP-2.3,Open LDAP Public License v2.3,False,False,DANGEROUS,0
OLDAP-2.4,Open LDAP Public License v2.4,False,False,DANGEROUS,0
OLDAP-2.5,Open LDAP Public License v2.5,False,False,DANGEROUS,0
OLDAP-2.6,Open LDAP Public License v2.6,False,False,DANGEROUS,0
OLDAP-2.7,Open LDAP Public License v2.7,False,False,DANGEROUS,0
OML,Open Market License,False,False,DANGEROUS,0
OPL-1.0,Open Public License v1.0,False,False,DANGEROUS,0
OPL-UK-3.0,United    Kingdom Open Parliament Licence v3.0,False,False,DANGEROUS,0
OPUBL-1.0,Open Publication License v1.0,False,False,DANGEROUS,0
OSL-1.1,Open Software License 1.1,False,False,DANGEROUS,0
OSSP,OSSP License,False,False,DANGEROUS,0
OpenPBS-2.3,OpenPBS v2.3 Software License,False,False,DANGEROUS,0
OpenSSL,OpenSSL License,False,False,DANGEROUS,0
OpenSSL-standalone,OpenSSL License - standalone,False,False,DANGEROUS,0
OpenVision,OpenVision License,False,False,DANGEROUS,0
PADL,PADL License,False,False,DANGEROUS,0
PDDL-1.0,Open Data Commons Public Domain Dedication & License 1.0,False,False,DANGEROUS,0
PPL,Peer Production License,False,False,DANGEROUS,0
PSF-2.0,Python Software Foundation License 2.0,False,False,DANGEROUS,0
Parity-6.0.0,The Parity Public License 6.0.0,False,False,DANGEROUS,0
Parity-7.0.0,The Parity Public License 7.0.0,False,False,DANGEROUS,0
Pixar,Pixar License,False,False,DANGEROUS,0
Plexus,Plexus Classworlds License,False,False,DANGEROUS,0
PolyForm-Noncommercial-1.0.0,PolyForm Noncommercial License 1.0.0,False,False,DANGEROUS,0
PolyForm-Small-Business-1.0.0,PolyForm Small Business License 1.0.0,False,False,DANGEROUS,0
Python-2.0.1,Python License 2.0.1,False,False,DANGEROUS,0
QPL-1.0-INRIA-2004,Q Public License 1.0 - INRIA 2004 variant,False,False,DANGEROUS,0
Qhull,Qhull License,False,False,DANGEROUS,0
RHeCos-1.1,Red Hat eCos Public License v1.1,False,False,DANGEROUS,0
RSA-MD,RSA Message-Digest License,False,False,DANGEROUS,0
Ruby,Ruby License,False,False,DANGEROUS,0
Ruby-pty,Ruby pty extension license,False,False,DANGEROUS,0
SAX-PD,Sax Public Domain Notice,False,False,DANGEROUS,0
SAX-PD-2.0,Sax Public Domain Notice 2.0,False,False,DANGEROUS,0
SCEA,SCEA Shared Source License,False,False,DANGEROUS,0
SGI-B-1.0,SGI Free Software License B v1.0,False,False,DANGEROUS,0
SGI-B-1.1,SGI Free Software License B v1.1,False,False,DANGEROUS,0
SGI-B-2.0,SGI Free Software License B v2.0,False,False,DANGEROUS,0
SGI-OpenGL,SGI OpenGL License,False,False,DANGEROUS,0
SGMLUG-PM,SGMLUG Parser Materials License,False,False,DANGEROUS,0
SGP4,SGP4 Permission Notice,False,False,DANGEROUS,0
SHL-0.5,Solderpad Hardware License v0.5,False,False,DANGEROUS,0
SHL-0.51,"Solderpad Hardware License, Version 0.51",False,False,DANGEROUS,0
SISSL-1.2,Sun Industry Standards Source License v1.2,False,False,DANGEROUS,0
SL,SL License,False,False,DANGEROUS,0
SMLNJ,Standard ML of New Jersey License,False,False,DANGEROUS,0
SMPPL,Secure Messaging Protocol Public License,False,False,DANGEROUS,0
SNIA,SNIA Public License 1.1,False,False,DANGEROUS,0
SOFA,SOFA Software License,False,False,DANGEROUS,0
SSH-OpenSSH,SSH OpenSSH license,False,False,DANGEROUS,0
SSH-short,SSH short notice,False,False,DANGEROUS,0
SSLeay-standalone,SSLeay License - standalone,False,False,DANGEROUS,0
SSPL-1.0,"Server Side Public License, v 1",False,False,DANGEROUS,0
SUL-1.0,Sustainable Use License v1.0,False,False,DANGEROUS,0
SWL,Scheme Widget Library (SWL) Software License Agreement,False,False,DANGEROUS,0
Saxpath,Saxpath License,False,False,DANGEROUS,0
SchemeReport,Scheme Language Report License,False,False,DANGEROUS,0
Sendmail,Sendmail License,False,False,DANGEROUS,0
Sendmail-8.23,Sendmail License 8.23,False,False,DANGEROUS,0
Sendmail-Open-Source-1.1,Sendmail Open Source License v1.1,False,False,DANGEROUS,0
Soundex,Soundex License,False,False,DANGEROUS,0
Spencer-86,Spencer License 86,False,False,DANGEROUS,0
Spencer-94,Spencer License 94,False,False,DANGEROUS,0
Spencer-99,Spencer License 99,False,False,DANGEROUS,0
StandardML-NJ,Standard ML of New Jersey License,False,True,DANGEROUS,0
SugarCRM-1.1.3,SugarCRM Public License v1.1.3,False,False,DANGEROUS,0
Sun-PPP,Sun PPP License,False,False,DANGEROUS,0
Sun-PPP-2000,Sun PPP License (2000),False,False,DANGEROUS,0
SunPro,SunPro License,False,False,DANGEROUS,0
Symlinks,Symlinks License,False,False,DANGEROUS,0
TAPR-OHL-1.0,TAPR Open Hardware License v1.0,False,False,DANGEROUS,0
TCL,TCL/TK License,False,False,DANGEROUS,0
TCP-wrappers,TCP Wrappers License,False,False,DANGEROUS,0
TGPPL-1.0,Transitive Grace Period Public Licence 1.0,False,False,DANGEROUS,0
TMate,TMate Open Source License,False,False,DANGEROUS,0
TORQUE-1.1,TORQUE v2.5+ Software License v1.1,False,False,DANGEROUS,0
TOSL,Trusster Open Source License,False,False,DANGEROUS,0
TPDL,Time::ParseDate License,False,False,DANGEROUS,0
TPL-1.0,THOR Public License 1.0,False,False,DANGEROUS,0
TTWL,Text-Tabs+Wrap License,False,False,DANGEROUS,0
TTYP0,TTYP0 License,False,False,DANGEROUS,0
TermReadKey,TermReadKey License,False,False,DANGEROUS,0
ThirdEye,ThirdEye License,False,False,DANGEROUS,0
TrustedQSL,TrustedQSL License,False,False,DANGEROUS,0
UCAR,UCAR License,False,False,DANGEROUS,0
UMich-Merit,Michigan/Merit Networks License,False,False,DANGEROUS,0
URT-RLE,Utah Raster Toolkit Run Length Encoded License,False,False,DANGEROUS,0
Ubuntu-font-1.0,Ubuntu Font Licence v1.0,False,False,DANGEROUS,0
Unicode-DFS-2015,Unicode License Agreement - Data Files and Software (2015),False,False,DANGEROUS,0
Unicode-TOU,Unicode Terms of Use,False,False,DANGEROUS,0
UnixCrypt,UnixCrypt License,False,False,DANGEROUS,0
Unlicense-libtelnet,Unlicense - libtelnet variant,False,False,DANGEROUS,0
Unlicense-libwhirlpool,Unlicense - libwhirlpool variant,False,False,DANGEROUS,0
VOSTROM,VOSTROM Public License for Open Source,False,False,DANGEROUS,0
Vim,Vim License,False,False,DANGEROUS,0
W3C-19980720,W3C Software Notice and License (1998-07-20),False,False,DANGEROUS,0
WTFNMFPL,Do What The F*ck You Want To But It's Not My Fault Public License,False,False,DANGEROUS,0
WTFPL,Do What The F*ck You Want To Public License,False,False,DANGEROUS,0
Widget-Workshop,Widget Workshop License,False,False,DANGEROUS,0
Wsuipa,Wsuipa License,False,False,DANGEROUS,0
X11,X11 License,False,False,DANGEROUS,0
X11-distribute-modifications-variant,X11 License Distribution Modification Variant,False,False,DANGEROUS,0
X11-swapped,X11 swapped final paragraphs,False,False,DANGEROUS,0
XFree86-1.1,XFree86 License 1.1,False,False,DANGEROUS,0
XSkat,XSkat License,False,False,DANGEROUS,0
Xdebug-1.03,Xdebug License v 1.03,False,False,DANGEROUS,0
Xerox,Xerox License,False,False,DANGEROUS,0
Xfig,Xfig License,False,False,DANGEROUS,0
YPL-1.0,Yahoo! Public License v1.0,False,False,DANGEROUS,0
YPL-1.1,Yahoo! Public License v1.1,False,False,DANGEROUS,0
ZPL-1.1,Zope Public License 1.1,False,False,DANGEROUS,0
Zed,Zed License,False,False,DANGEROUS,0
Zeeff,Zeeff License,False,False,DANGEROUS,0
Zend-2.0,Zend License v2.0,False,False,DANGEROUS,0
Zimbra-1.3,Zimbra Public License v1.3,False,False,DANGEROUS,0
Zimbra-1.4,Zimbra Public License v1.4,False,False,DANGEROUS,0
any-OSI,Any OSI License,False,False,DANGEROUS,0
any-OSI-perl-modules,Any OSI License - Perl Modules,False,False,DANGEROUS,0
bcrypt-Solar-Designer,bcrypt Solar Designer License,False,False,DANGEROUS,0
blessing,SQLite Blessing,False,False,DANGEROUS,0
bzip2-1.0.5,bzip2 and libbzip2 License v1.0.5,False,True,DANGEROUS,0
bzip2-1.0.6,bzip2 and libbzip2 License v1.0.6,False,False,DANGEROUS,0
check-cvs,check-cvs License,False,False,DANGEROUS,0
checkmk,Checkmk License,False,False,DANGEROUS,0
copyleft-next-0.3.0,copyleft-next 0.3.0,False,False,DANGEROUS,0
copyleft-next-0.3.1,copyleft-next 0.3.1,False,False,DANGEROUS,0
curl,curl License,False,False,DANGEROUS,0
cve-tou,Common Vulnerability Enumeration ToU License,False,False,DANGEROUS,0
diffmark,diffmark license,False,False,DANGEROUS,0
dtoa,David M. Gay dtoa License,False,False,DANGEROUS,0
dvipdfm,dvipdfm License,False,False,DANGEROUS,0
eCos-2.0,eCos license version 2.0,False,True,DANGEROUS,0
eGenix,eGenix.com Public License 1.1.0,False,False,DANGEROUS,0
etalab-2.0,Etalab Open License 2.0,False,False,DANGEROUS,0
fwlw,fwlw License,False,False,DANGEROUS,0
gSOAP-1.3b,gSOAP Public License v1.3b,False,False,DANGEROUS,0
generic-xts,Generic XTS License,False,False,DANGEROUS,0
gnuplot,gnuplot License,False,False,DANGEROUS,0
gtkbook,gtkbook License,False,False,DANGEROUS,0
hdparm,hdparm License,False,False,DANGEROUS,0
hyphen-bulgarian,hyphen-bulgarian License,False,False,DANGEROUS,0
iMatix,iMatix Standard Function Library Agreement,False,False,DANGEROUS,0
jove,Jove License,False,False,DANGEROUS,0
libpng-1.6.35,PNG Reference Library License v1 (for libpng 0.5 through 1.6.35),False,False,DANGEROUS,0
libpng-2.0,PNG Reference Library version 2,False,False,DANGEROUS,0
libselinux-1.0,libselinux public domain notice,False,False,DANGEROUS,0
libtiff,libtiff License,False,False,DANGEROUS,0
libutil-David-Nugent,libutil David Nugent License,False,False,DANGEROUS,0
lsof,lsof License,False,False,DANGEROUS,0
magaz,magaz License,False,False,DANGEROUS,0
mailprio,mailprio License,False,False,DANGEROUS,0
man2html,man2html License,False,False,DANGEROUS,0
metamail,metamail License,False,False,DANGEROUS,0
mpich2,mpich2 License,False,False,DANGEROUS,0
ngrep,ngrep License,False,False,DANGEROUS,0
pkgconf,pkgconf License,False,False,DANGEROUS,0
pnmstitch,pnmstitch License,False,False,DANGEROUS,0
psfrag,psfrag License,False,False,DANGEROUS,0
psutils,psutils License,False,False,DANGEROUS,0
python-ldap,Python ldap License,False,False,DANGEROUS,0
radvd,radvd License,False,False,DANGEROUS,0
snprintf,snprintf License,False,False,DANGEROUS,0
softSurfer,softSurfer License,False,False,DANGEROUS,0
ssh-keyscan,ssh-keyscan License,False,False,DANGEROUS,0
swrule,swrule License,False,False,DANGEROUS,0
threeparttable,threeparttable License,False,False,DANGEROUS,0
ulem,ulem License,False,False,DANGEROUS,0
w3m,w3m License,False,False,DANGEROUS,0
wwl,WWL License,False,False,DANGEROUS,0
wxWindows,wxWindows Library License,True,True,DANGEROUS,0
xinetd,xinetd License,False,False,DANGEROUS,0
xkeyboard-config-Zinoviev,xkeyboard-config Zinoviev License,False,False,DANGEROUS,0
xlock,xlock License,False,False,DANGEROUS,0
xpp,XPP License,False,False,DANGEROUS,0
xzoom,xzoom License,False,False,DANGEROUS,0
zlib-acknowledgement,zlib/libpng License with Acknowledgement,False,False,DANGEROUS,0
AAL,Attribution Assurance License,True,False,MODERATE,0
AFL-1.1,Academic Free License v1.1,True,False,MODERATE,0
AFL-1.2,Academic Free License v1.2,True,False,MODERATE,0
AFL-2.0,Academic Free License v2.0,True,False,MODERATE,0
AFL-2.1,Academic Free License v2.1,True,False,MODERATE,0
AFL-3.0,Academic Free License v3.0,True,False,MODERATE,0
APL-1.0,Adaptive Public License 1.0,True,False,MODERATE,0
APSL-1.0,Apple Public Source License 1.0,True,False,MODERATE,0
APSL-1.1,Apple Public Source License 1.1,True,False,MODERATE,0
APSL-1.2,Apple Public Source License 1.2,True,False,MODERATE,0
APSL-2.0,Apple Public Source License 2.0,True,False,MODERATE,0
Artistic-1.0,Artistic License 1.0,True,False,MODERATE,0
Artistic-1.0-Perl,Artistic License 1.0 (Perl),True,False,MODERATE,0
Artistic-1.0-cl8,Artistic License 1.0 w/clause 8,True,False,MODERATE,0
Artistic-2.0,Artistic License 2.0,True,False,MODERATE,0
BlueOak-1.0.0,Blue Oak Model License 1.0.0,True,False,MODERATE,0
CAL-1.0,Cryptographic Autonomy License 1.0,True,False,MODERATE,0
CAL-1.0-Combined-Work-Exception,Cryptographic Autonomy License 1.0 (Combined Work Exception),True,False,MODERATE,0
CATOSL-1.1,Computer Associates Trusted Open Source License 1.1,True,False,MODERATE,0
CDDL-1.0,Common Development and Distribution License 1.0,True,False,MODERATE,0
CDDL-1.1,Common Development and Distribution License 1.1,False,False,MODERATE,0
CECILL-2.1,CeCILL Free Software License Agreement v2.1,True,False,MODERATE,0
CERN-OHL-S-2.0,CERN Open Hardware Licence Version 2 - Strongly Reciprocal,True,False,MODERATE,0
CERN-OHL-W-2.0,CERN Open Hardware Licence Version 2 - Weakly Reciprocal,True,False,MODERATE,0
CNRI-Python,CNRI Python License,True,False,MODERATE,0
CPAL-1.0,Common Public Attribution License 1.0,True,False,MODERATE,0
CPL-1.0,Common Public License 1.0,True,False,MODERATE,0
CUA-OPL-1.0,CUA Office Public License v1.0,True,False,MODERATE,0
ECL-1.0,Educational Community License v1.0,True,False,MODERATE,0
ECL-2.0,Educational Community License v2.0,True,False,MODERATE,0
EFL-1.0,Eiffel Forum License v1.0,True,False,MODERATE,0
EFL-2.0,Eiffel Forum License v2.0,True,False,MODERATE,0
EPL-1.0,Eclipse Public License 1.0,True,False,MODERATE,0
EPL-2.0,Eclipse Public License 2.0,True,False,MODERATE,0
EUDatagrid,EU DataGrid Software License,True,False,MODERATE,0
Entessa,Entessa Public License v1.0,True,False,MODERATE,0
Fair,Fair License,True,False,MODERATE,0
Frameworx-1.0,Frameworx Open License 1.0,True,False,MODERATE,0
ICU,ICU License,True,False,MODERATE,0
IPA,IPA Font License,True,False,MODERATE,0
IPL-1.0,IBM Public License v1.0,True,False,MODERATE,0
Intel,Intel Open Source License,True,False,MODERATE,0
Jam,Jam License,True,False,MODERATE,0
LGPL-2.0-only,GNU Library General Public License v2 only,True,False,MODERATE,0
LGPL-2.0-or-later,GNU Library General Public License v2 or later,True,False,MODERATE,0
LGPL-2.1-only,GNU Lesser General Public License v2.1 only,True,False,MODERATE,0
LGPL-2.1-or-later,GNU Lesser General Public License v2.1 or later,True,False,MODERATE,0
LGPL-3.0-only,GNU Lesser General Public License v3.0 only,True,False,MODERATE,0
LGPL-3.0-or-later,GNU Lesser General Public License v3.0 or later,True,False,MODERATE,0
LGPLLR,Lesser General Public License For Linguistic Resources,False,False,MODERATE,0
LPL-1.0,Lucent Public License Version 1.0,True,False,MODERATE,0
LPL-1.02,Lucent Public License v1.02,True,False,MODERATE,0
LPPL-1.3c,LaTeX Project Public License v1.3c,True,False,MODERATE,0
LiLiQ-R-1.1,Licence Libre du Québec – Réciprocité version 1.1,True,False,MODERATE,0
LiLiQ-Rplus-1.1,Licence Libre du Québec – Réciprocité forte version 1.1,True,False,MODERATE,0
MPL-1.0,Mozilla Public License 1.0,True,False,MODERATE,0
MPL-1.1,Mozilla Public License 1.1,True,False,MODERATE,0
MPL-2.0,Mozilla Public License 2.0,True,False,MODERATE,0
MPL-2.0-no-copyleft-exception,Mozilla Public License 2.0 (no copyleft exception),True,False,MODERATE,0
MS-PL,Microsoft Public License,True,False,MODERATE,0
MS-RL,Microsoft Reciprocal License,True,False,MODERATE,0
MirOS,The MirOS Licence,True,False,MODERATE,0
Motosoto,Motosoto License,True,False,MODERATE,0
Multics,Multics License,True,False,MODERATE,0
NASA-1.3,NASA Open Source Agreement 1.3,True,False,MODERATE,0
NCSA,University of Illinois/NCSA Open Source License,True,False,MODERATE,0
NPOSL-3.0,Non-Profit Open Software License 3.0,True,False,MODERATE,0
NTP,NTP License,True,False,MODERATE,0
Naumen,Naumen Public License,True,False,MODERATE,0
Nokia,Nokia Open Source License,True,False,MODERATE,0
OCLC-2.0,OCLC Research Public License 2.0,True,False,MODERATE,0
OFL-1.1,SIL Open Font License 1.1,True,False,MODERATE,0
OFL-1.1-RFN,SIL Open Font License 1.1 with Reserved Font Name,True,False,MODERATE,0
OFL-1.1-no-RFN,SIL Open Font License 1.1 with no Reserved Font Name,True,False,MODERATE,0
OGTSL,Open Group Test Suite License,True,False,MODERATE,0
OLDAP-2.8,Open LDAP Public License v2.8,True,False,MODERATE,0
OLFL-1.3,Open Logistics Foundation License Version 1.3,True,False,MODERATE,0
OSET-PL-2.1,OSET Public License version 2.1,True,False,MODERATE,0
OSL-1.0,Open Software License 1.0,True,False,MODERATE,0
OSL-2.0,Open Software License 2.0,True,False,MODERATE,0
OSL-2.1,Open Software License 2.1,True,False,MODERATE,0
OSL-3.0,Open Software License 3.0,True,False,MODERATE,0
PHP-3.0,PHP License v3.0,True,False,MODERATE,0
PHP-3.01,PHP License v3.01,True,False,MODERATE,0
PostgreSQL,PostgreSQL License,True,False,MODERATE,0
Python-2.0,Python License 2.0,True,False,MODERATE,0
QPL-1.0,Q Public License 1.0,True,False,MODERATE,0
RPL-1.1,Reciprocal Public License 1.1,True,False,MODERATE,0
RPL-1.5,Reciprocal Public License 1.5,True,False,MODERATE,0
RPSL-1.0,RealNetworks Public Source License v1.0,True,False,MODERATE,0
RSCPL,Ricoh Source Code Public License,True,False,MODERATE,0
SISSL,Sun Industry Standards Source License v1.1,True,False,MODERATE,0
SPL-1.0,Sun Public License v1.0,True,False,MODERATE,0
SimPL-2.0,Simple Public License 2.0,True,False,MODERATE,0
Sleepycat,Sleepycat License,True,False,MODERATE,0
UCL-1.0,Upstream Compatibility License v1.0,True,False,MODERATE,0
Unicode-3.0,Unicode License v3,True,False,MODERATE,0
Unicode-DFS-2016,Unicode License Agreement - Data Files and Software (2016),True,False,MODERATE,0
VSL-1.0,Vovida Software License v1.0,True,False,MODERATE,0
W3C,W3C Software Notice and License (2002-12-31),True,False,MODERATE,0
W3C-20150513,W3C Software Notice and Document License (2015-05-13),True,False,MODERATE,0
Watcom-1.0,Sybase Open Watcom Public License 1.0,True,False,MODERATE,0
WordNet,WordNet License,True,False,MODERATE,0
Xnet,X.Net License,True,False,MODERATE,0
ZPL-2.0,Zope Public License 2.0,True,False,MODERATE,0
ZPL-2.1,Zope Public License 2.1,True,False,MODERATE,0
mplus,mplus Font License,False,False,MODERATE,0
AGPL-1.0-only,Affero General Public License v1.0 only,False,False,RESTRICTED,0
AGPL-1.0-or-later,Affero General Public License v1.0 or later,False,False,RESTRICTED,0
AGPL-3.0-only,GNU Affero General Public License v3.0 only,True,False,RESTRICTED,0
AGPL-3.0-or-later,GNU Affero General Public License v3.0 or later,True,False,RESTRICTED,0
CNRI-Python-GPL-Compatible,CNRI Python Open Source GPL Compatible License Agreement,False,False,RESTRICTED,0
GPL-1.0-only,GNU General Public License v1.0 only,False,False,RESTRICTED,0
GPL-1.0-or-later,GNU General Public License v1.0 or later,False,False,RESTRICTED,0
GPL-2.0-only,GNU General Public License v2.0 only,True,False,RESTRICTED,0
GPL-2.0-or-later,GNU General Public License v2.0 or later,True,False,RESTRICTED,0
GPL-3.0-only,GNU General Public License v3.0 only,True,False,RESTRICTED,0
GPL-3.0-or-later,GNU General Public License v3.0 or later,True,False,RESTRICTED,0
NGPL,Nethack General Public License,True,False,RESTRICTED,0
SMAIL-GPL,SMAIL General Public License,False,False,RESTRICTED,0
0BSD,BSD Zero Clause License,True,False,SAFE,1
AML,Apple MIT License,False,False,SAFE,1
AMPAS,Academy of Motion Picture Arts and Sciences BSD,False,False,SAFE,1
Apache-1.0,Apache License 1.0,False,False,SAFE,1
Apache-1.1,Apache License 1.1,True,False,SAFE,1
Apache-2.0,Apache License 2.0,True,False,SAFE,1
BSD-1-Clause,BSD 1-Clause License,True,False,SAFE,1
BSD-2-Clause,"BSD 2-Clause ""Simplified"" License",True,False,SAFE,1
BSD-2-Clause-Darwin,BSD 2-Clause - Ian Darwin variant,False,False,SAFE,1
BSD-2-Clause-Patent,BSD-2-Clause Plus Patent License,True,False,SAFE,1
BSD-2-Clause-Views,BSD 2-Clause with views sentence,False,False,SAFE,1
BSD-2-Clause-first-lines,BSD 2-Clause - first lines requirement,False,False,SAFE,1
BSD-2-Clause-pkgconf-disclaimer,BSD 2-Clause pkgconf disclaimer variant,False,False,SAFE,1
BSD-3-Clause,"BSD 3-Clause ""New"" or ""Revised"" License",True,False,SAFE,1
BSD-3-Clause-Attribution,BSD with attribution,False,False,SAFE,1
BSD-3-Clause-Clear,BSD 3-Clause Clear License,False,False,SAFE,1
BSD-3-Clause-HP,Hewlett-Packard BSD variant license,False,False,SAFE,1
BSD-3-Clause-LBNL,Lawrence Berkeley National Labs BSD variant license,True,False,SAFE,1
BSD-3-Clause-Modification,BSD 3-Clause Modification,False,False,SAFE,1
BSD-3-Clause-No-Military-License,BSD 3-Clause No Military License,False,False,SAFE,1
BSD-3-Clause-No-Nuclear-License,BSD 3-Clause No Nuclear License,False,False,SAFE,1
BSD-3-Clause-No-Nuclear-License-2014,BSD 3-Clause No Nuclear License 2014,False,False,SAFE,1
BSD-3-Clause-No-Nuclear-Warranty,BSD 3-Clause No Nuclear Warranty,False,False,SAFE,1
BSD-3-Clause-Open-MPI,BSD 3-Clause Open MPI variant,True,False,SAFE,1
BSD-3-Clause-Sun,BSD 3-Clause Sun Microsystems,False,False,SAFE,1
BSD-3-Clause-Tso,BSD 3-Clause Tso variant,False,False,SAFE,1
BSD-3-Clause-acpica,BSD 3-Clause acpica variant,False,False,SAFE,1
BSD-3-Clause-flex,BSD 3-Clause Flex variant,False,False,SAFE,1
BSD-4-Clause,"BSD 4-Clause ""Original"" or ""Old"" License",False,False,SAFE,1
BSD-4-Clause-Shortened,BSD 4 Clause Shortened,False,False,SAFE,1
BSD-4-Clause-UC,BSD-4-Clause (University of California-Specific),False,False,SAFE,1
BSD-4.3RENO,BSD 4.3 RENO License,False,False,SAFE,1
BSD-4.3TAHOE,BSD 4.3 TAHOE License,False,False,SAFE,1
BSD-Advertising-Acknowledgement,BSD Advertising Acknowledgement License,False,False,SAFE,1
BSD-Attribution-HPND-disclaimer,BSD with Attribution and HPND disclaimer,False,False,SAFE,1
BSD-Inferno-Nettverk,BSD-Inferno-Nettverk,False,False,SAFE,1
BSD-Mark-Modifications,BSD Mark Modifications License,False,False,SAFE,1
BSD-Protection,BSD Protection License,False,False,SAFE,1
BSD-Source-Code,BSD Source Code Attribution,False,False,SAFE,1
BSD-Source-beginning-file,BSD Source Code Attribution - beginning of file variant,False,False,SAFE,1
BSD-Systemics,Systemics BSD variant license,False,False,SAFE,1
BSD-Systemics-W3Works,Systemics W3Works BSD variant license,False,False,SAFE,1
BSL-1.0,Boost Software License 1.0,True,False,SAFE,1
CDLA-Permissive-1.0,Community Data License Agreement Permissive 1.0,False,False,SAFE,1
CDLA-Permissive-2.0,Community Data License Agreement Permissive 2.0,False,False,SAFE,1
CERN-OHL-P-2.0,CERN Open Hardware Licence Version 2 - Permissive,True,False,SAFE,1
ESA-PL-permissive-2.4,European Space Agency Public License – v2.4 – Permissive (Type 3),False,False,SAFE,1
EUPL-1.1,European Union Public License 1.1,True,False,SAFE,1
EUPL-1.2,European Union Public License 1.2,True,False,SAFE,1
FSFAP,FSF All Permissive License,False,False,SAFE,1
FSFAP-no-warranty-disclaimer,FSF All Permissive License (without Warranty),False,False,SAFE,1
FSFUL,FSF Unlimited License,False,False,SAFE,1
FSFULLR,FSF Unlimited License (with License Retention),False,False,SAFE,1
FSFULLRSD,FSF Unlimited License (with License Retention and Short Disclaimer),False,False,SAFE,1
FSFULLRWD,FSF Unlimited License (With License Retention and Warranty Disclaimer),False,False,SAFE,1
FSL-1.1-MIT,"Functional Source License, Version 1.1, MIT Future License",False,False,SAFE,1
FreeBSD-DOC,FreeBSD Documentation License,False,False,SAFE,1
HPND,Historical Permission Notice and Disclaimer,True,False,SAFE,1
HPND-DEC,Historical Permission Notice and Disclaimer - DEC variant,False,False,SAFE,1
HPND-Fenneberg-Livingston,Historical Permission Notice and Disclaimer - Fenneberg-Livingston variant,False,False,SAFE,1
HPND-INRIA-IMAG,Historical Permission Notice and Disclaimer    - INRIA-IMAG variant,False,False,SAFE,1
HPND-Intel,Historical Permission Notice and Disclaimer - Intel variant,False,False,SAFE,1
HPND-Kevlin-Henney,Historical Permission Notice and Disclaimer - Kevlin Henney variant,False,False,SAFE,1
HPND-MIT-disclaimer,Historical Permission Notice and Disclaimer with MIT disclaimer,False,False,SAFE,1
HPND-Markus-Kuhn,Historical Permission Notice and Disclaimer - Markus Kuhn variant,False,False,SAFE,1
HPND-Netrek,Historical Permission Notice and Disclaimer - Netrek variant,False,False,SAFE,1
HPND-Pbmplus,Historical Permission Notice and Disclaimer - Pbmplus variant,False,False,SAFE,1
HPND-SMC,Historical Permission Notice and Disclaimer - SMC variant,False,False,SAFE,1
HPND-UC,Historical Permission Notice and Disclaimer - University of California variant,False,False,SAFE,1
HPND-UC-export-US,"Historical Permission Notice and Disclaimer - University of California, US export warning",False,False,SAFE,1
HPND-doc,Historical Permission Notice and Disclaimer - documentation variant,False,False,SAFE,1
HPND-doc-sell,Historical Permission Notice and Disclaimer - documentation sell variant,False,False,SAFE,1
HPND-export2-US,HPND with US Government export control and 2 disclaimers,False,False,SAFE,1
HPND-merchantability-variant,Historical Permission Notice and Disclaimer - merchantability variant,False,False,SAFE,1
HPND-sell-MIT-disclaimer-xserver,Historical Permission Notice and Disclaimer - sell xserver variant with MIT disclaimer,False,False,SAFE,1
HPND-sell-regexpr,Historical Permission Notice and Disclaimer - sell regexpr variant,False,False,SAFE,1
HPND-sell-variant,Historical Permission Notice and Disclaimer - sell variant,False,False,SAFE,1
HPND-sell-variant-MIT-disclaimer,HPND sell variant with MIT disclaimer,False,False,SAFE,1
HPND-sell-variant-MIT-disclaimer-rev,HPND sell variant with MIT disclaimer - reverse,False,False,SAFE,1
ISC,ISC License,True,False,SAFE,1
ISC-Veillard,ISC Veillard variant,False,False,SAFE,1
LiLiQ-P-1.1,Licence Libre du Québec – Permissive version 1.1,True,False,SAFE,1
MIT,MIT License,True,False,SAFE,1
MIT-0,MIT No Attribution,True,False,SAFE,1
MIT-Click,MIT Click License,False,False,SAFE,1
MIT-Festival,MIT Festival Variant,False,False,SAFE,1
MIT-Khronos-old,MIT Khronos - old variant,False,False,SAFE,1
MIT-Modern-Variant,MIT License Modern Variant,True,False,SAFE,1
MIT-STK,MIT-STK License,False,False,SAFE,1
MIT-Wu,MIT Tom Wu Variant,False,False,SAFE,1
MIT-open-group,MIT Open Group variant,False,False,SAFE,1
MIT-testregex,MIT testregex Variant,False,False,SAFE,1
MITNFA,MIT +no-false-attribs license,False,False,SAFE,1
MS-LPL,Microsoft Limited Public License,False,False,SAFE,1
MulanPSL-1.0,"Mulan Permissive Software License, Version 1",False,False,SAFE,1
MulanPSL-2.0,"Mulan Permissive Software License, Version 2",True,False,SAFE,1
NLPL,No Limit Public License,False,False,SAFE,1
Rdisc,Rdisc License,False,False,SAFE,1
TU-Berlin-1.0,Technische Universitaet Berlin License 1.0,False,False,SAFE,1
TU-Berlin-2.0,Technische Universitaet Berlin License 2.0,False,False,SAFE,1
UPL-1.0,Universal Permissive License v1.0,True,False,SAFE,1
Unlicense,The Unlicense,True,False,SAFE,1
X11-no-permit-persons,X11 no permit persons clause,False,False,SAFE,1
Zlib,zlib License,True,False,SAFE,1
mpi-permissive,mpi Permissive License,False,False,SAFE,1
